Index 1	Index 2	Count	Percentage of total read-pairs (%)
TACCGGAT	TACCGGAT	49686878	13.6785
TCTTCGAC	TCTTCGAC	30089661	8.2835
CTCTGGAT	CTCTGGAT	24515042	6.7489
CTAGCTCA	CTAGCTCA	13034311	3.5883
TGTTCCGT	TGTTCCGT	11450554	3.1523
TATGGCAC	TATGGCAC	7651472	2.1064
AGAGTCCA	AGAGTCCA	7602663	2.0930
TCGAGAGT	TCGAGAGT	7448072	2.0504
TAGCCATG	TAGCCATG	7148153	1.9679
ATCATGCG	ATCATGCG	6927867	1.9072
AACAGCGA	AACAGCGA	6368144	1.7531
GTCCTAAG	GTCCTAAG	6200133	1.7069
ACGATCAG	ACGATCAG	5933528	1.6335
AGGATAGC	AGGATAGC	5861709	1.6137
GTAGCGTA	GTAGCGTA	5774439	1.5897
ATCGTGGT	ATCGTGGT	4730009	1.3021
GATCAAGG	GATCAAGG	4628196	1.2741
GCTACTCT	GCTACTCT	4301318	1.1841
CGATCGAT	CGATCGAT	4237854	1.1667
TCGGATTC	TCGGATTC	2874320	0.7913
TCGACAAG	TCGACAAG	2644260	0.7280
GATCTTGC	GATCTTGC	2636332	0.7258
CACTTCAC	CACTTCAC	2577666	0.7096
CGGTAATC	CGGTAATC	2393021	0.6588
TATGGCAC	TGTTCCGT	117310	0.0323
CTCTGGAT	TACCGGAT	11072	0.0030
GATCAAGG	TCTTCGAC	9785	0.0027
TACCGGAT	TCTTCGAC	9696	0.0027
CTAGCTCA	TCGACAAG	8746	0.0024
TCGACAAG	ATCATGCG	5978	0.0016
CGGTAATC	TACCGGAT	5140	0.0014
TCTTCGAC	CTCTGGAT	5114	0.0014
GTCCTAAG	TATGGCAC	4881	0.0013
TGTTCCGT	TACCGGAT	4254	0.0012
TACCGGAT	CTAGCTCA	3763	0.0010
TATGGCAC	TACCGGAT	3679	0.0010
TCTTCGAC	ATCGTGGT	3657	0.0010
CTAGCTCA	CTCTGGAT	3252	0.0009
TATGGCAC	TCTTCGAC	3083	0.0008
TACCGGAT	TCGAGAGT	2972	0.0008
TAGCCATG	TACCGGAT	2664	0.0007
TGTTCCGT	TCTTCGAC	2375	0.0007
CTAGCTCA	TCTTCGAC	2035	0.0006
CACTTCAC	TAGCCATG	2033	0.0006
AGAGTCCA	TACCGGAT	1997	0.0005
TGTTCCGT	CTCTGGAT	1937	0.0005
CTCTGGAT	GCTACTCT	1895	0.0005
CTCTGGAT	TCGAGAGT	1885	0.0005
TACCGGAT	ACGATCAG	1852	0.0005
TACCGGAT	CGATCGAT	1847	0.0005
ATCATGCG	TACCGGAT	1813	0.0005
TCTTCGAC	TCGAGAGT	1794	0.0005
AACAGCGA	TACCGGAT	1768	0.0005
GTCCTAAG	TACCGGAT	1764	0.0005
TACCGGAT	ATCGTGGT	1715	0.0005
TACCGGAT	AGGATAGC	1643	0.0005
GTAGCGTA	TACCGGAT	1599	0.0004
AGGATAGC	TCTTCGAC	1485	0.0004
CTCTGGAT	TATGGCAC	1431	0.0004
GCTACTCT	TACCGGAT	1411	0.0004
CGATCGAT	CTCTGGAT	1408	0.0004
CTAGCTCA	ATCATGCG	1347	0.0004
AACAGCGA	TCTTCGAC	1335	0.0004
GATCAAGG	TACCGGAT	1319	0.0004
AGAGTCCA	CTCTGGAT	1318	0.0004
ATCATGCG	TCTTCGAC	1240	0.0003
GCTACTCT	GTAGCGTA	1222	0.0003
CTAGCTCA	GCTACTCT	1193	0.0003
TCTTCGAC	ACGATCAG	1164	0.0003
TAGCCATG	TCTTCGAC	1123	0.0003
TCTTCGAC	AGAGTCCA	1094	0.0003
CGATCGAT	TCTTCGAC	1049	0.0003
TCGGATTC	TACCGGAT	1036	0.0003
TCTTCGAC	TCGGATTC	1029	0.0003
CTCTGGAT	ATCATGCG	1026	0.0003
TCTTCGAC	GTCCTAAG	975	0.0003
TCTTCGAC	GTAGCGTA	960	0.0003
TAGCCATG	CTCTGGAT	948	0.0003
CGGTAATC	TCTTCGAC	944	0.0003
TACCGGAT	CACTTCAC	932	0.0003
CTCTGGAT	ACGATCAG	915	0.0003
AACAGCGA	CTCTGGAT	912	0.0003
CTAGCTCA	GTAGCGTA	905	0.0002
CTCTGGAT	GTCCTAAG	900	0.0002
ATCGTGGT	CTCTGGAT	870	0.0002
GTAGCGTA	CTCTGGAT	867	0.0002
AGAGTCCA	CTAGCTCA	859	0.0002
TCTTCGAC	GCTACTCT	851	0.0002
AGAGTCCA	GTAGCGTA	835	0.0002
TCGAGAGT	CTAGCTCA	832	0.0002
GATCTTGC	TACCGGAT	830	0.0002
TCGAGAGT	TGTTCCGT	792	0.0002
TCTTCGAC	GATCTTGC	789	0.0002
CACTTCAC	TCTTCGAC	777	0.0002
TACCGGAT	TCGACAAG	767	0.0002
AGGATAGC	CTCTGGAT	761	0.0002
TGTTCCGT	CTAGCTCA	753	0.0002
TATGGCAC	TCGGATTC	710	0.0002
TCGGATTC	AACAGCGA	695	0.0002
AACAGCGA	TGTTCCGT	646	0.0002
TCGAGAGT	AGAGTCCA	640	0.0002
CTCTGGAT	TCGGATTC	630	0.0002
CTAGCTCA	TATGGCAC	626	0.0002
TGTTCCGT	AGAGTCCA	625	0.0002
TATGGCAC	TCGAGAGT	618	0.0002
CGGTAATC	CTCTGGAT	616	0.0002
GTCCTAAG	TGTTCCGT	612	0.0002
TATGGCAC	ATCATGCG	593	0.0002
TCTTCGAC	TCGACAAG	587	0.0002
GATCAAGG	CTCTGGAT	581	0.0002
TGTTCCGT	TCGGATTC	579	0.0002
ATCATGCG	TGTTCCGT	568	0.0002
ATCGTGGT	GATCAAGG	563	0.0002
GTAGCGTA	ACGATCAG	547	0.0002
ATCATGCG	ACGATCAG	547	0.0002
CACTTCAC	CTCTGGAT	544	0.0001
ACGATCAG	CTAGCTCA	543	0.0001
GTAGCGTA	TCGAGAGT	530	0.0001
TAGCCATG	CTAGCTCA	529	0.0001
ATCATGCG	TAGCCATG	518	0.0001
AGGATAGC	GTAGCGTA	513	0.0001
TATGGCAC	AACAGCGA	493	0.0001
AACAGCGA	CTAGCTCA	493	0.0001
CGATCGAT	TGTTCCGT	483	0.0001
ACGATCAG	TCGAGAGT	480	0.0001
AGGATAGC	TATGGCAC	465	0.0001
GATCTTGC	CTCTGGAT	457	0.0001
ACGATCAG	AGAGTCCA	437	0.0001
AACAGCGA	ATCATGCG	437	0.0001
AGGATAGC	ATCATGCG	433	0.0001
TGTTCCGT	GTAGCGTA	433	0.0001
AGGATAGC	GATCTTGC	429	0.0001
TGTTCCGT	ACGATCAG	427	0.0001
GCTACTCT	TCGAGAGT	426	0.0001
CTCTGGAT	TCGACAAG	424	0.0001
GATCTTGC	AACAGCGA	421	0.0001
GTCCTAAG	CTAGCTCA	420	0.0001
AGAGTCCA	AACAGCGA	419	0.0001
TGTTCCGT	TAGCCATG	415	0.0001
GCTACTCT	TGTTCCGT	406	0.0001
ATCATGCG	GTCCTAAG	406	0.0001
AGGATAGC	TGTTCCGT	405	0.0001
ATCGTGGT	TCGAGAGT	404	0.0001
CTAGCTCA	AGGATAGC	394	0.0001
CGATCGAT	CTAGCTCA	388	0.0001
ACGATCAG	TATGGCAC	387	0.0001
TATGGCAC	TAGCCATG	387	0.0001
TAGCCATG	ACGATCAG	379	0.0001
CTAGCTCA	ATCGTGGT	379	0.0001
ATCATGCG	AGAGTCCA	373	0.0001
CACTTCAC	TATGGCAC	367	0.0001
AGGATAGC	ACGATCAG	359	0.0001
GTCCTAAG	TAGCCATG	355	0.0001
TGTTCCGT	ATCGTGGT	353	0.0001
GATCAAGG	ACGATCAG	351	0.0001
AGAGTCCA	TATGGCAC	347	0.0001
AGGATAGC	TCGAGAGT	344	0.0001
GTCCTAAG	ACGATCAG	343	0.0001
GTAGCGTA	AACAGCGA	340	0.0001
AGAGTCCA	AGGATAGC	330	0.0001
AGAGTCCA	GCTACTCT	326	0.0001
AGGATAGC	AACAGCGA	326	0.0001
GTCCTAAG	AACAGCGA	318	0.0001
ATCATGCG	TCGAGAGT	318	0.0001
GATCAAGG	GTCCTAAG	313	0.0001
ACGATCAG	AACAGCGA	309	0.0001
GATCAAGG	CTAGCTCA	298	0.0001
GATCAAGG	ATCATGCG	298	0.0001
ATCATGCG	ATCGTGGT	293	0.0001
CGATCGAT	ACGATCAG	292	0.0001
TCGAGAGT	AACAGCGA	289	0.0001
GTCCTAAG	GTAGCGTA	288	0.0001
TATGGCAC	GTAGCGTA	282	0.0001
CTAGCTCA	TCGGATTC	282	0.0001
GTCCTAAG	TCGAGAGT	279	0.0001
GCTACTCT	ACGATCAG	277	0.0001
AGAGTCCA	TAGCCATG	277	0.0001
GATCTTGC	TATGGCAC	275	0.0001
GATCAAGG	TGTTCCGT	273	0.0001
TAGCCATG	TCGAGAGT	273	0.0001
AGGATAGC	CGATCGAT	272	0.0001
TCGAGAGT	CGATCGAT	271	0.0001
TATGGCAC	ATCGTGGT	264	0.0001
ACGATCAG	TCGACAAG	264	0.0001
CTAGCTCA	CGGTAATC	257	0.0001
AACAGCGA	ATCGTGGT	255	0.0001
ATCGTGGT	AGAGTCCA	251	0.0001
GTAGCGTA	ATCATGCG	248	0.0001
TGTTCCGT	GATCTTGC	247	0.0001
GATCAAGG	TAGCCATG	244	0.0001
ATCGTGGT	ACGATCAG	242	0.0001
CACTTCAC	ACGATCAG	241	0.0001
CACTTCAC	CTAGCTCA	238	0.0001
GATCTTGC	CTAGCTCA	236	0.0001
ATCATGCG	GCTACTCT	236	0.0001
AGGATAGC	GCTACTCT	235	0.0001
TGTTCCGT	CACTTCAC	227	0.0001
TATGGCAC	GCTACTCT	227	0.0001
AACAGCGA	CGATCGAT	226	0.0001
TCGAGAGT	TCGGATTC	225	0.0001
AGAGTCCA	GTCCTAAG	225	0.0001
AGAGTCCA	CGATCGAT	223	0.0001
CGGTAATC	ATCGTGGT	222	0.0001
GTAGCGTA	ATCGTGGT	221	0.0001
AGGATAGC	CACTTCAC	217	0.0001
CGGTAATC	TATGGCAC	216	0.0001
TCGACAAG	TCGAGAGT	214	0.0001
TAGCCATG	AACAGCGA	213	0.0001
TATGGCAC	GATCAAGG	209	0.0001
TAGCCATG	AGGATAGC	209	0.0001
GTAGCGTA	TAGCCATG	206	0.0001
CGATCGAT	TATGGCAC	205	0.0001
AACAGCGA	GATCAAGG	205	0.0001
GTCCTAAG	CGATCGAT	200	0.0001
TAGCCATG	TCGACAAG	196	0.0001
GTCCTAAG	GCTACTCT	194	0.0001
AGGATAGC	TCGGATTC	193	0.0001
AACAGCGA	GCTACTCT	193	0.0001
ATCATGCG	GATCTTGC	192	0.0001
TCGACAAG	GTCCTAAG	191	0.0001
GTCCTAAG	TCGGATTC	189	0.0001
TCGAGAGT	GATCAAGG	189	0.0001
ATCGTGGT	AGGATAGC	188	0.0001
TCGGATTC	CGATCGAT	188	0.0001
AGGATAGC	GTCCTAAG	186	0.0001
CGGTAATC	TAGCCATG	183	0.0001
CGATCGAT	ATCATGCG	181	0.0000
GATCAAGG	GTAGCGTA	178	0.0000
TCGACAAG	TGTTCCGT	176	0.0000
GCTACTCT	CGATCGAT	176	0.0000
ATCGTGGT	TAGCCATG	174	0.0000
TCGGATTC	GATCTTGC	171	0.0000
TAGCCATG	CGATCGAT	169	0.0000
CGGTAATC	TGTTCCGT	167	0.0000
CGATCGAT	GATCTTGC	166	0.0000
CGGTAATC	CGATCGAT	164	0.0000
CGGTAATC	AGGATAGC	161	0.0000
ATCGTGGT	CGATCGAT	161	0.0000
GTAGCGTA	CGATCGAT	157	0.0000
CGGTAATC	TCGAGAGT	155	0.0000
GCTACTCT	ATCGTGGT	155	0.0000
CACTTCAC	CGGTAATC	154	0.0000
TCGACAAG	TATGGCAC	153	0.0000
GTCCTAAG	GATCTTGC	152	0.0000
GATCAAGG	AGGATAGC	150	0.0000
GATCAAGG	GCTACTCT	148	0.0000
GATCAAGG	AGAGTCCA	148	0.0000
GCTACTCT	TAGCCATG	148	0.0000
AGAGTCCA	TCGGATTC	146	0.0000
GATCTTGC	AGAGTCCA	142	0.0000
ACGATCAG	TCGGATTC	139	0.0000
ATCGTGGT	GTCCTAAG	139	0.0000
ATCATGCG	TCGGATTC	136	0.0000
TCGAGAGT	GATCTTGC	135	0.0000
ACGATCAG	CGGTAATC	134	0.0000
GATCAAGG	CGATCGAT	133	0.0000
GATCTTGC	GATCAAGG	133	0.0000
CACTTCAC	ATCATGCG	127	0.0000
GCTACTCT	GATCTTGC	126	0.0000
ATCATGCG	CGGTAATC	124	0.0000
CACTTCAC	CGATCGAT	124	0.0000
GATCTTGC	ACGATCAG	121	0.0000
GTAGCGTA	GATCTTGC	119	0.0000
CACTTCAC	TCGGATTC	118	0.0000
TCGGATTC	TAGCCATG	117	0.0000
AGGATAGC	TCGACAAG	115	0.0000
GTAGCGTA	CGGTAATC	112	0.0000
CACTTCAC	AGAGTCCA	109	0.0000
TCGGATTC	CGGTAATC	109	0.0000
AGAGTCCA	CGGTAATC	105	0.0000
TAGCCATG	GATCTTGC	104	0.0000
GATCAAGG	TCGACAAG	103	0.0000
TCGAGAGT	CACTTCAC	103	0.0000
CGGTAATC	GTCCTAAG	102	0.0000
GTAGCGTA	TCGGATTC	102	0.0000
AACAGCGA	CGGTAATC	99	0.0000
TCGACAAG	AGAGTCCA	96	0.0000
GTAGCGTA	CACTTCAC	96	0.0000
TCGGATTC	ATCGTGGT	96	0.0000
TCGACAAG	CGATCGAT	92	0.0000
AACAGCGA	CACTTCAC	88	0.0000
TCGACAAG	AACAGCGA	87	0.0000
TCGGATTC	GCTACTCT	86	0.0000
GATCTTGC	CGGTAATC	86	0.0000
ATCGTGGT	GATCTTGC	85	0.0000
ATCGTGGT	TCGACAAG	84	0.0000
GTAGCGTA	TCGACAAG	83	0.0000
GTCCTAAG	CACTTCAC	83	0.0000
CGGTAATC	GATCAAGG	82	0.0000
GCTACTCT	CGGTAATC	81	0.0000
TCGGATTC	GATCAAGG	80	0.0000
CACTTCAC	GATCTTGC	78	0.0000
ATCGTGGT	CACTTCAC	69	0.0000
TCGACAAG	GCTACTCT	66	0.0000
TCGACAAG	TCGGATTC	63	0.0000
CACTTCAC	GATCAAGG	63	0.0000
CACTTCAC	GCTACTCT	56	0.0000
CGGTAATC	TCGACAAG	43	0.0000
TCGACAAG	GATCTTGC	42	0.0000
CACTTCAC	TCGACAAG	40	0.0000
